<?xml version="1.0" encoding="utf-8" ?><dwsync><file name="jquery.qtip.css" server="67.23.248.110:1891/public_html/" local="3398921750" remote="16283823638" /><file name="codemirror.css" server="199.230.52.92/public_html/" local="3403310520" remote="12000269792" /><file name="default.css" server="199.230.52.92/public_html/" local="3403310520" remote="12000269912" /><file name="jquery.qtip.css" server="199.230.52.92/public_html/" local="3403310520" remote="12000269912" /><file name=".DS_Store" server="199.230.52.92/public_html/" local="3403331121" remote="12000269792" /><file name="camera.css" server="199.230.52.92/public_html/" local="3412407440" remote="16297287708" /><file name="camera_front.css" server="199.230.52.92/public_html/" local="3412572920" remote="16297453188" /><file name="camera_meta.css" server="199.230.52.92/public_html/" local="3410356633" remote="12000269792" /><file name="ui.camera.css" server="199.230.52.92/public_html/" local="3403310520" remote="12000269912" /></dwsync>